Beroepsgroep;Totaal;Achtergrond;Percentage
Docenten hoger onderwijs en hoogleraren;100;Nederlandse achtergrond;73
Docenten hoger onderwijs en hoogleraren;100;Westerse migratieachtergrond;18.8
Docenten hoger onderwijs en hoogleraren;100;Niet-westerse migratieachtergrond;8.1
Docenten hoger onderwijs en hoogleraren;100;Migratieachtergrond onbekend;0.1
Docenten beroepsgerichte vakken secundair onderwijs;100;Nederlandse achtergrond;78.7
Docenten beroepsgerichte vakken secundair onderwijs;100;Westerse migratieachtergrond;9.3
Docenten beroepsgerichte vakken secundair onderwijs;100;Niet-westerse migratieachtergrond;12
Docenten beroepsgerichte vakken secundair onderwijs;100;Migratieachtergrond onbekend;0
Docenten algemene vakken secundair onderwijs;100;Nederlandse achtergrond;78
Docenten algemene vakken secundair onderwijs;100;Westerse migratieachtergrond;11.6
Docenten algemene vakken secundair onderwijs;100;Niet-westerse migratieachtergrond;10.2
Docenten algemene vakken secundair onderwijs;100;Migratieachtergrond onbekend;0.2
Leerkrachten basisonderwijs;100;Nederlandse achtergrond;87.7
Leerkrachten basisonderwijs;100;Westerse migratieachtergrond;7.1
Leerkrachten basisonderwijs;100;Niet-westerse migratieachtergrond;5
Leerkrachten basisonderwijs;100;Migratieachtergrond onbekend;0.1
Onderwijskundigen en overige docenten;100;Nederlandse achtergrond;82.6
Onderwijskundigen en overige docenten;100;Westerse migratieachtergrond;10.6
Onderwijskundigen en overige docenten;100;Niet-westerse migratieachtergrond;6.7
Onderwijskundigen en overige docenten;100;Migratieachtergrond onbekend;0.1
Sportinstructeurs;100;Nederlandse achtergrond;80.1
Sportinstructeurs;100;Westerse migratieachtergrond;9.1
Sportinstructeurs;100;Niet-westerse migratieachtergrond;10.6
Sportinstructeurs;100;Migratieachtergrond onbekend;0.2
Leidsters kinderopvang en onderwijsassistenten;100;Nederlandse achtergrond;82.6
Leidsters kinderopvang en onderwijsassistenten;100;Westerse migratieachtergrond;8
Leidsters kinderopvang en onderwijsassistenten;100;Niet-westerse migratieachtergrond;9.3
Leidsters kinderopvang en onderwijsassistenten;100;Migratieachtergrond onbekend;0.1
Bibliothecarissen en conservatoren;.;Nederlandse achtergrond;.
Bibliothecarissen en conservatoren;.;Westerse migratieachtergrond;.
Bibliothecarissen en conservatoren;.;Niet-westerse migratieachtergrond;.
Bibliothecarissen en conservatoren;.;Migratieachtergrond onbekend;.
Auteurs en taalkundigen;100;Nederlandse achtergrond;68.5
Auteurs en taalkundigen;100;Westerse migratieachtergrond;21.4
Auteurs en taalkundigen;100;Niet-westerse migratieachtergrond;10
Auteurs en taalkundigen;100;Migratieachtergrond onbekend;0.1
Journalisten;100;Nederlandse achtergrond;85.4
Journalisten;100;Westerse migratieachtergrond;6.8
Journalisten;100;Niet-westerse migratieachtergrond;7.2
Journalisten;100;Migratieachtergrond onbekend;0.5
Beeldend kunstenaars;100;Nederlandse achtergrond;72.6
Beeldend kunstenaars;100;Westerse migratieachtergrond;22.2
Beeldend kunstenaars;100;Niet-westerse migratieachtergrond;5.2
Beeldend kunstenaars;100;Migratieachtergrond onbekend;0
Uitvoerend kunstenaars;100;Nederlandse achtergrond;76.4
Uitvoerend kunstenaars;100;Westerse migratieachtergrond;14.4
Uitvoerend kunstenaars;100;Niet-westerse migratieachtergrond;9.2
Uitvoerend kunstenaars;100;Migratieachtergrond onbekend;0
Grafisch vormgevers en productontwerpers;100;Nederlandse achtergrond;75.6
Grafisch vormgevers en productontwerpers;100;Westerse migratieachtergrond;16.2
Grafisch vormgevers en productontwerpers;100;Niet-westerse migratieachtergrond;7.9
Grafisch vormgevers en productontwerpers;100;Migratieachtergrond onbekend;0.2
Fotografen en interieurontwerpers;100;Nederlandse achtergrond;79.5
Fotografen en interieurontwerpers;100;Westerse migratieachtergrond;13.4
Fotografen en interieurontwerpers;100;Niet-westerse migratieachtergrond;7.1
Fotografen en interieurontwerpers;100;Migratieachtergrond onbekend;0
Adviseurs marketing, public relations en sales;100;Nederlandse achtergrond;81.5
Adviseurs marketing, public relations en sales;100;Westerse migratieachtergrond;10.6
Adviseurs marketing, public relations en sales;100;Niet-westerse migratieachtergrond;7.8
Adviseurs marketing, public relations en sales;100;Migratieachtergrond onbekend;0.1
Vertegenwoordigers en inkopers;100;Nederlandse achtergrond;79.9
Vertegenwoordigers en inkopers;100;Westerse migratieachtergrond;12.2
Vertegenwoordigers en inkopers;100;Niet-westerse migratieachtergrond;7.9
Vertegenwoordigers en inkopers;100;Migratieachtergrond onbekend;0
Winkeliers en teamleiders detailhandel;100;Nederlandse achtergrond;81.4
Winkeliers en teamleiders detailhandel;100;Westerse migratieachtergrond;8.4
Winkeliers en teamleiders detailhandel;100;Niet-westerse migratieachtergrond;10
Winkeliers en teamleiders detailhandel;100;Migratieachtergrond onbekend;0.1
Verkoopmedewerkers detailhandel;100;Nederlandse achtergrond;79
Verkoopmedewerkers detailhandel;100;Westerse migratieachtergrond;8.9
Verkoopmedewerkers detailhandel;100;Niet-westerse migratieachtergrond;12
Verkoopmedewerkers detailhandel;100;Migratieachtergrond onbekend;0.1
Kassamedewerkers;100;Nederlandse achtergrond;68.8
Kassamedewerkers;100;Westerse migratieachtergrond;6.3
Kassamedewerkers;100;Niet-westerse migratieachtergrond;24.5
Kassamedewerkers;100;Migratieachtergrond onbekend;0.5
Callcentermedewerkers outbound en overige verkopers;100;Nederlandse achtergrond;77.1
Callcentermedewerkers outbound en overige verkopers;100;Westerse migratieachtergrond;9.8
Callcentermedewerkers outbound en overige verkopers;100;Niet-westerse migratieachtergrond;12.9
Callcentermedewerkers outbound en overige verkopers;100;Migratieachtergrond onbekend;0.1
Accountants;100;Nederlandse achtergrond;79.2
Accountants;100;Westerse migratieachtergrond;10.2
Accountants;100;Niet-westerse migratieachtergrond;10.6
Accountants;100;Migratieachtergrond onbekend;0
Financieel specialisten en economen;100;Nederlandse achtergrond;79.7
Financieel specialisten en economen;100;Westerse migratieachtergrond;10.4
Financieel specialisten en economen;100;Niet-westerse migratieachtergrond;9.8
Financieel specialisten en economen;100;Migratieachtergrond onbekend;0.1
Bedrijfskundigen en organisatieadviseurs;100;Nederlandse achtergrond;80.1
Bedrijfskundigen en organisatieadviseurs;100;Westerse migratieachtergrond;12.4
Bedrijfskundigen en organisatieadviseurs;100;Niet-westerse migratieachtergrond;7.5
Bedrijfskundigen en organisatieadviseurs;100;Migratieachtergrond onbekend;0
Beleidsadviseurs;100;Nederlandse achtergrond;84
Beleidsadviseurs;100;Westerse migratieachtergrond;10
Beleidsadviseurs;100;Niet-westerse migratieachtergrond;6
Beleidsadviseurs;100;Migratieachtergrond onbekend;0
Specialisten personeels- en loopbaanontwikkeling;100;Nederlandse achtergrond;79.6
Specialisten personeels- en loopbaanontwikkeling;100;Westerse migratieachtergrond;12.2
Specialisten personeels- en loopbaanontwikkeling;100;Niet-westerse migratieachtergrond;7.8
Specialisten personeels- en loopbaanontwikkeling;100;Migratieachtergrond onbekend;0.3
Boekhouders;100;Nederlandse achtergrond;77.7
Boekhouders;100;Westerse migratieachtergrond;12.2
Boekhouders;100;Niet-westerse migratieachtergrond;10
Boekhouders;100;Migratieachtergrond onbekend;0
Zakelijke dienstverleners;100;Nederlandse achtergrond;78.6
Zakelijke dienstverleners;100;Westerse migratieachtergrond;12.7
Zakelijke dienstverleners;100;Niet-westerse migratieachtergrond;8.5
Zakelijke dienstverleners;100;Migratieachtergrond onbekend;0.1
Directiesecretaresses;100;Nederlandse achtergrond;81.7
Directiesecretaresses;100;Westerse migratieachtergrond;11.2
Directiesecretaresses;100;Niet-westerse migratieachtergrond;7.1
Directiesecretaresses;100;Migratieachtergrond onbekend;0
Administratief medewerkers;100;Nederlandse achtergrond;78.6
Administratief medewerkers;100;Westerse migratieachtergrond;9.8
Administratief medewerkers;100;Niet-westerse migratieachtergrond;11.4
Administratief medewerkers;100;Migratieachtergrond onbekend;0.1
Secretaresses;100;Nederlandse achtergrond;80.6
Secretaresses;100;Westerse migratieachtergrond;10.5
Secretaresses;100;Niet-westerse migratieachtergrond;8.9
Secretaresses;100;Migratieachtergrond onbekend;0
Receptionisten en telefonisten;100;Nederlandse achtergrond;75.1
Receptionisten en telefonisten;100;Westerse migratieachtergrond;12
Receptionisten en telefonisten;100;Niet-westerse migratieachtergrond;12.8
Receptionisten en telefonisten;100;Migratieachtergrond onbekend;0.2
Boekhoudkundig medewerkers;100;Nederlandse achtergrond;79.1
Boekhoudkundig medewerkers;100;Westerse migratieachtergrond;10.9
Boekhoudkundig medewerkers;100;Niet-westerse migratieachtergrond;10
Boekhoudkundig medewerkers;100;Migratieachtergrond onbekend;0.1
Transportplanners en logistiek medewerkers;100;Nederlandse achtergrond;79.6
Transportplanners en logistiek medewerkers;100;Westerse migratieachtergrond;9.6
Transportplanners en logistiek medewerkers;100;Niet-westerse migratieachtergrond;10.7
Transportplanners en logistiek medewerkers;100;Migratieachtergrond onbekend;0.1
Algemeen directeuren;100;Nederlandse achtergrond;83.2
Algemeen directeuren;100;Westerse migratieachtergrond;8.5
Algemeen directeuren;100;Niet-westerse migratieachtergrond;8.1
Algemeen directeuren;100;Migratieachtergrond onbekend;0.2
Managers zakelijke en administratieve dienstverlening;100;Nederlandse achtergrond;85.5
Managers zakelijke en administratieve dienstverlening;100;Westerse migratieachtergrond;7.7
Managers zakelijke en administratieve dienstverlening;100;Niet-westerse migratieachtergrond;6.8
Managers zakelijke en administratieve dienstverlening;100;Migratieachtergrond onbekend;0
Managers verkoop en marketing;100;Nederlandse achtergrond;80
Managers verkoop en marketing;100;Westerse migratieachtergrond;10.5
Managers verkoop en marketing;100;Niet-westerse migratieachtergrond;9.6
Managers verkoop en marketing;100;Migratieachtergrond onbekend;0
Managers productie;100;Nederlandse achtergrond;86.7
Managers productie;100;Westerse migratieachtergrond;9
Managers productie;100;Niet-westerse migratieachtergrond;4.1
Managers productie;100;Migratieachtergrond onbekend;0.2
Managers logistiek;100;Nederlandse achtergrond;82.6
Managers logistiek;100;Westerse migratieachtergrond;9.4
Managers logistiek;100;Niet-westerse migratieachtergrond;7.8
Managers logistiek;100;Migratieachtergrond onbekend;0.1
Managers ICT;100;Nederlandse achtergrond;82.9
Managers ICT;100;Westerse migratieachtergrond;8.6
Managers ICT;100;Niet-westerse migratieachtergrond;8.5
Managers ICT;100;Migratieachtergrond onbekend;0
Managers zorginstellingen;100;Nederlandse achtergrond;84.9
Managers zorginstellingen;100;Westerse migratieachtergrond;7.8
Managers zorginstellingen;100;Niet-westerse migratieachtergrond;7.3
Managers zorginstellingen;100;Migratieachtergrond onbekend;0
Managers onderwijs;100;Nederlandse achtergrond;86.1
Managers onderwijs;100;Westerse migratieachtergrond;9.3
Managers onderwijs;100;Niet-westerse migratieachtergrond;4.6
Managers onderwijs;100;Migratieachtergrond onbekend;0
Managers gespecialiseerde dienstverlening;100;Nederlandse achtergrond;81.2
Managers gespecialiseerde dienstverlening;100;Westerse migratieachtergrond;12.1
Managers gespecialiseerde dienstverlening;100;Niet-westerse migratieachtergrond;6.6
Managers gespecialiseerde dienstverlening;100;Migratieachtergrond onbekend;0
Managers horeca;100;Nederlandse achtergrond;71.1
Managers horeca;100;Westerse migratieachtergrond;9.6
Managers horeca;100;Niet-westerse migratieachtergrond;19.3
Managers horeca;100;Migratieachtergrond onbekend;0
Managers detail- en groothandel;100;Nederlandse achtergrond;78.5
Managers detail- en groothandel;100;Westerse migratieachtergrond;11.2
Managers detail- en groothandel;100;Niet-westerse migratieachtergrond;10.3
Managers detail- en groothandel;100;Migratieachtergrond onbekend;0
Managers commerciële en persoonlijke dienstverlening;.;Nederlandse achtergrond;.
Managers commerciële en persoonlijke dienstverlening;.;Westerse migratieachtergrond;.
Managers commerciële en persoonlijke dienstverlening;.;Niet-westerse migratieachtergrond;.
Managers commerciële en persoonlijke dienstverlening;.;Migratieachtergrond onbekend;.
Managers z.n.d.;100;Nederlandse achtergrond;82.1
Managers z.n.d.;100;Westerse migratieachtergrond;9.4
Managers z.n.d.;100;Niet-westerse migratieachtergrond;8.1
Managers z.n.d.;100;Migratieachtergrond onbekend;0.4
Overheidsbestuurders;100;Nederlandse achtergrond;85.1
Overheidsbestuurders;100;Westerse migratieachtergrond;10.1
Overheidsbestuurders;100;Niet-westerse migratieachtergrond;4.9
Overheidsbestuurders;100;Migratieachtergrond onbekend;0
Overheidsambtenaren;100;Nederlandse achtergrond;75.3
Overheidsambtenaren;100;Westerse migratieachtergrond;12.1
Overheidsambtenaren;100;Niet-westerse migratieachtergrond;12.6
Overheidsambtenaren;100;Migratieachtergrond onbekend;0
Juristen;100;Nederlandse achtergrond;75.3
Juristen;100;Westerse migratieachtergrond;15
Juristen;100;Niet-westerse migratieachtergrond;9.6
Juristen;100;Migratieachtergrond onbekend;0
Politie-inspecteurs;.;Nederlandse achtergrond;.
Politie-inspecteurs;.;Westerse migratieachtergrond;.
Politie-inspecteurs;.;Niet-westerse migratieachtergrond;.
Politie-inspecteurs;.;Migratieachtergrond onbekend;.
Politie en brandweer;100;Nederlandse achtergrond;84.6
Politie en brandweer;100;Westerse migratieachtergrond;8
Politie en brandweer;100;Niet-westerse migratieachtergrond;7.4
Politie en brandweer;100;Migratieachtergrond onbekend;0
Beveiligingspersoneel;100;Nederlandse achtergrond;71.8
Beveiligingspersoneel;100;Westerse migratieachtergrond;12.5
Beveiligingspersoneel;100;Niet-westerse migratieachtergrond;15.8
Beveiligingspersoneel;100;Migratieachtergrond onbekend;0
Militaire beroepen;100;Nederlandse achtergrond;85.3
Militaire beroepen;100;Westerse migratieachtergrond;10.1
Militaire beroepen;100;Niet-westerse migratieachtergrond;4.6
Militaire beroepen;100;Migratieachtergrond onbekend;0
Biologen en natuurwetenschappers;100;Nederlandse achtergrond;74.8
Biologen en natuurwetenschappers;100;Westerse migratieachtergrond;17.4
Biologen en natuurwetenschappers;100;Niet-westerse migratieachtergrond;7.6
Biologen en natuurwetenschappers;100;Migratieachtergrond onbekend;0.2
Ingenieurs (geen elektrotechniek);100;Nederlandse achtergrond;79
Ingenieurs (geen elektrotechniek);100;Westerse migratieachtergrond;13.2
Ingenieurs (geen elektrotechniek);100;Niet-westerse migratieachtergrond;7.6
Ingenieurs (geen elektrotechniek);100;Migratieachtergrond onbekend;0.1
Elektrotechnisch ingenieurs;100;Nederlandse achtergrond;80.7
Elektrotechnisch ingenieurs;100;Westerse migratieachtergrond;11.1
Elektrotechnisch ingenieurs;100;Niet-westerse migratieachtergrond;8.1
Elektrotechnisch ingenieurs;100;Migratieachtergrond onbekend;0.1
Architecten;100;Nederlandse achtergrond;79.5
Architecten;100;Westerse migratieachtergrond;14.4
Architecten;100;Niet-westerse migratieachtergrond;5.8
Architecten;100;Migratieachtergrond onbekend;0.4
Technici bouwkunde en natuur;100;Nederlandse achtergrond;83
Technici bouwkunde en natuur;100;Westerse migratieachtergrond;9
Technici bouwkunde en natuur;100;Niet-westerse migratieachtergrond;7.9
Technici bouwkunde en natuur;100;Migratieachtergrond onbekend;0.1
Productieleiders industrie en bouw;100;Nederlandse achtergrond;85.2
Productieleiders industrie en bouw;100;Westerse migratieachtergrond;7.1
Productieleiders industrie en bouw;100;Niet-westerse migratieachtergrond;7.7
Productieleiders industrie en bouw;100;Migratieachtergrond onbekend;0
Procesoperators;100;Nederlandse achtergrond;71.8
Procesoperators;100;Westerse migratieachtergrond;9.7
Procesoperators;100;Niet-westerse migratieachtergrond;18.1
Procesoperators;100;Migratieachtergrond onbekend;0.4
Bouwarbeiders ruwbouw;100;Nederlandse achtergrond;74.9
Bouwarbeiders ruwbouw;100;Westerse migratieachtergrond;11.6
Bouwarbeiders ruwbouw;100;Niet-westerse migratieachtergrond;13.3
Bouwarbeiders ruwbouw;100;Migratieachtergrond onbekend;0.2
Timmerlieden;100;Nederlandse achtergrond;85.3
Timmerlieden;100;Westerse migratieachtergrond;8
Timmerlieden;100;Niet-westerse migratieachtergrond;6.6
Timmerlieden;100;Migratieachtergrond onbekend;0.1
Bouwarbeiders afbouw;100;Nederlandse achtergrond;74.7
Bouwarbeiders afbouw;100;Westerse migratieachtergrond;10.5
Bouwarbeiders afbouw;100;Niet-westerse migratieachtergrond;14.8
Bouwarbeiders afbouw;100;Migratieachtergrond onbekend;0
Loodgieters en pijpfitters;100;Nederlandse achtergrond;84.7
Loodgieters en pijpfitters;100;Westerse migratieachtergrond;6.6
Loodgieters en pijpfitters;100;Niet-westerse migratieachtergrond;8
Loodgieters en pijpfitters;100;Migratieachtergrond onbekend;0.7
Schilders en metaalspuiters;100;Nederlandse achtergrond;70.8
Schilders en metaalspuiters;100;Westerse migratieachtergrond;16.3
Schilders en metaalspuiters;100;Niet-westerse migratieachtergrond;12.9
Schilders en metaalspuiters;100;Migratieachtergrond onbekend;0
Metaalbewerkers en constructiewerkers;100;Nederlandse achtergrond;80.3
Metaalbewerkers en constructiewerkers;100;Westerse migratieachtergrond;10.5
Metaalbewerkers en constructiewerkers;100;Niet-westerse migratieachtergrond;9.2
Metaalbewerkers en constructiewerkers;100;Migratieachtergrond onbekend;0
Lassers en plaatwerkers;100;Nederlandse achtergrond;69.6
Lassers en plaatwerkers;100;Westerse migratieachtergrond;15.4
Lassers en plaatwerkers;100;Niet-westerse migratieachtergrond;15.1
Lassers en plaatwerkers;100;Migratieachtergrond onbekend;0
Automonteurs;100;Nederlandse achtergrond;77.7
Automonteurs;100;Westerse migratieachtergrond;8.6
Automonteurs;100;Niet-westerse migratieachtergrond;13.8
Automonteurs;100;Migratieachtergrond onbekend;0
Machinemonteurs;100;Nederlandse achtergrond;83.1
Machinemonteurs;100;Westerse migratieachtergrond;7.5
Machinemonteurs;100;Niet-westerse migratieachtergrond;9.5
Machinemonteurs;100;Migratieachtergrond onbekend;0
Slagers;100;Nederlandse achtergrond;78.5
Slagers;100;Westerse migratieachtergrond;9.4
Slagers;100;Niet-westerse migratieachtergrond;12.1
Slagers;100;Migratieachtergrond onbekend;0
Bakkers;100;Nederlandse achtergrond;74.5
Bakkers;100;Westerse migratieachtergrond;9.9
Bakkers;100;Niet-westerse migratieachtergrond;15.7
Bakkers;100;Migratieachtergrond onbekend;0
Productcontroleurs;100;Nederlandse achtergrond;82
Productcontroleurs;100;Westerse migratieachtergrond;7.4
Productcontroleurs;100;Niet-westerse migratieachtergrond;10.6
Productcontroleurs;100;Migratieachtergrond onbekend;0
Meubelmakers, kleermakers en stoffeerders;100;Nederlandse achtergrond;75.3
Meubelmakers, kleermakers en stoffeerders;100;Westerse migratieachtergrond;11.4
Meubelmakers, kleermakers en stoffeerders;100;Niet-westerse migratieachtergrond;12.8
Meubelmakers, kleermakers en stoffeerders;100;Migratieachtergrond onbekend;0.5
Medewerkers drukkerij en kunstnijverheid;100;Nederlandse achtergrond;78.8
Medewerkers drukkerij en kunstnijverheid;100;Westerse migratieachtergrond;11.8
Medewerkers drukkerij en kunstnijverheid;100;Niet-westerse migratieachtergrond;9.3
Medewerkers drukkerij en kunstnijverheid;100;Migratieachtergrond onbekend;0.1
Elektriciens en elektronicamonteurs;100;Nederlandse achtergrond;73.4
Elektriciens en elektronicamonteurs;100;Westerse migratieachtergrond;9.2
Elektriciens en elektronicamonteurs;100;Niet-westerse migratieachtergrond;17.3
Elektriciens en elektronicamonteurs;100;Migratieachtergrond onbekend;0.1
Productiemachinebedieners;100;Nederlandse achtergrond;66.1
Productiemachinebedieners;100;Westerse migratieachtergrond;13.2
Productiemachinebedieners;100;Niet-westerse migratieachtergrond;20.4
Productiemachinebedieners;100;Migratieachtergrond onbekend;0.2
Assemblagemedewerkers;100;Nederlandse achtergrond;63.6
Assemblagemedewerkers;100;Westerse migratieachtergrond;13.4
Assemblagemedewerkers;100;Niet-westerse migratieachtergrond;22.7
Assemblagemedewerkers;100;Migratieachtergrond onbekend;0.3
Hulpkrachten bouw en industrie;100;Nederlandse achtergrond;60.1
Hulpkrachten bouw en industrie;100;Westerse migratieachtergrond;17.4
Hulpkrachten bouw en industrie;100;Niet-westerse migratieachtergrond;22.4
Hulpkrachten bouw en industrie;100;Migratieachtergrond onbekend;0.1
Software- en applicatieontwikkelaars;100;Nederlandse achtergrond;76.1
Software- en applicatieontwikkelaars;100;Westerse migratieachtergrond;15.4
Software- en applicatieontwikkelaars;100;Niet-westerse migratieachtergrond;8.3
Software- en applicatieontwikkelaars;100;Migratieachtergrond onbekend;0.1
Databank- en netwerkspecialisten;100;Nederlandse achtergrond;81.3
Databank- en netwerkspecialisten;100;Westerse migratieachtergrond;7.3
Databank- en netwerkspecialisten;100;Niet-westerse migratieachtergrond;11.4
Databank- en netwerkspecialisten;100;Migratieachtergrond onbekend;0.1
Gebruikersondersteuning ICT;100;Nederlandse achtergrond;73.7
Gebruikersondersteuning ICT;100;Westerse migratieachtergrond;11.2
Gebruikersondersteuning ICT;100;Niet-westerse migratieachtergrond;15
Gebruikersondersteuning ICT;100;Migratieachtergrond onbekend;0.1
Radio- en televisietechnici;100;Nederlandse achtergrond;82
Radio- en televisietechnici;100;Westerse migratieachtergrond;9.6
Radio- en televisietechnici;100;Niet-westerse migratieachtergrond;8.4
Radio- en televisietechnici;100;Migratieachtergrond onbekend;0
Land- en bosbouwers;100;Nederlandse achtergrond;92.7
Land- en bosbouwers;100;Westerse migratieachtergrond;5.9
Land- en bosbouwers;100;Niet-westerse migratieachtergrond;1.4
Land- en bosbouwers;100;Migratieachtergrond onbekend;0
Hoveniers, tuinders en kwekers;100;Nederlandse achtergrond;86.2
Hoveniers, tuinders en kwekers;100;Westerse migratieachtergrond;8
Hoveniers, tuinders en kwekers;100;Niet-westerse migratieachtergrond;5.8
Hoveniers, tuinders en kwekers;100;Migratieachtergrond onbekend;0
Veetelers;100;Nederlandse achtergrond;95.5
Veetelers;100;Westerse migratieachtergrond;3
Veetelers;100;Niet-westerse migratieachtergrond;1.5
Veetelers;100;Migratieachtergrond onbekend;0
Hulpkrachten landbouw;100;Nederlandse achtergrond;88
Hulpkrachten landbouw;100;Westerse migratieachtergrond;4.7
Hulpkrachten landbouw;100;Niet-westerse migratieachtergrond;6.9
Hulpkrachten landbouw;100;Migratieachtergrond onbekend;0.4
Artsen;100;Nederlandse achtergrond;75.3
Artsen;100;Westerse migratieachtergrond;13.1
Artsen;100;Niet-westerse migratieachtergrond;11.5
Artsen;100;Migratieachtergrond onbekend;0.1
Gespecialiseerd verpleegkundigen;100;Nederlandse achtergrond;88.7
Gespecialiseerd verpleegkundigen;100;Westerse migratieachtergrond;6.7
Gespecialiseerd verpleegkundigen;100;Niet-westerse migratieachtergrond;4.6
Gespecialiseerd verpleegkundigen;100;Migratieachtergrond onbekend;0
Fysiotherapeuten;100;Nederlandse achtergrond;87.2
Fysiotherapeuten;100;Westerse migratieachtergrond;7.6
Fysiotherapeuten;100;Niet-westerse migratieachtergrond;5.1
Fysiotherapeuten;100;Migratieachtergrond onbekend;0
Maatschappelijk werkers;100;Nederlandse achtergrond;80.8
Maatschappelijk werkers;100;Westerse migratieachtergrond;6.7
Maatschappelijk werkers;100;Niet-westerse migratieachtergrond;12.2
Maatschappelijk werkers;100;Migratieachtergrond onbekend;0.4
Psychologen en sociologen;100;Nederlandse achtergrond;83.9
Psychologen en sociologen;100;Westerse migratieachtergrond;8.8
Psychologen en sociologen;100;Niet-westerse migratieachtergrond;7.3
Psychologen en sociologen;100;Migratieachtergrond onbekend;0
Laboranten;100;Nederlandse achtergrond;84.8
Laboranten;100;Westerse migratieachtergrond;4.5
Laboranten;100;Niet-westerse migratieachtergrond;10.6
Laboranten;100;Migratieachtergrond onbekend;0
Apothekersassistenten;100;Nederlandse achtergrond;74.7
Apothekersassistenten;100;Westerse migratieachtergrond;2.5
Apothekersassistenten;100;Niet-westerse migratieachtergrond;22.7
Apothekersassistenten;100;Migratieachtergrond onbekend;0.1
Verpleegkundigen (mbo);100;Nederlandse achtergrond;86.3
Verpleegkundigen (mbo);100;Westerse migratieachtergrond;5.8
Verpleegkundigen (mbo);100;Niet-westerse migratieachtergrond;7.8
Verpleegkundigen (mbo);100;Migratieachtergrond onbekend;0
Medisch praktijkassistenten;100;Nederlandse achtergrond;82.5
Medisch praktijkassistenten;100;Westerse migratieachtergrond;6.9
Medisch praktijkassistenten;100;Niet-westerse migratieachtergrond;10.6
Medisch praktijkassistenten;100;Migratieachtergrond onbekend;0.1
Medisch vakspecialisten;100;Nederlandse achtergrond;79
Medisch vakspecialisten;100;Westerse migratieachtergrond;12
Medisch vakspecialisten;100;Niet-westerse migratieachtergrond;8.6
Medisch vakspecialisten;100;Migratieachtergrond onbekend;0.4
Sociaal werkers, groeps- en woonbegeleiders;100;Nederlandse achtergrond;81
Sociaal werkers, groeps- en woonbegeleiders;100;Westerse migratieachtergrond;7.6
Sociaal werkers, groeps- en woonbegeleiders;100;Niet-westerse migratieachtergrond;11.2
Sociaal werkers, groeps- en woonbegeleiders;100;Migratieachtergrond onbekend;0.1
Verzorgenden;100;Nederlandse achtergrond;79.3
Verzorgenden;100;Westerse migratieachtergrond;7.5
Verzorgenden;100;Niet-westerse migratieachtergrond;13.1
Verzorgenden;100;Migratieachtergrond onbekend;0.1
Reisbegeleiders;100;Nederlandse achtergrond;73.1
Reisbegeleiders;100;Westerse migratieachtergrond;11.4
Reisbegeleiders;100;Niet-westerse migratieachtergrond;15.4
Reisbegeleiders;100;Migratieachtergrond onbekend;0
Koks;100;Nederlandse achtergrond;61.1
Koks;100;Westerse migratieachtergrond;9.8
Koks;100;Niet-westerse migratieachtergrond;28.5
Koks;100;Migratieachtergrond onbekend;0.6
Kelners en barpersoneel;100;Nederlandse achtergrond;75.8
Kelners en barpersoneel;100;Westerse migratieachtergrond;9.2
Kelners en barpersoneel;100;Niet-westerse migratieachtergrond;14.7
Kelners en barpersoneel;100;Migratieachtergrond onbekend;0.3
Kappers en schoonheidsspecialisten;100;Nederlandse achtergrond;78.1
Kappers en schoonheidsspecialisten;100;Westerse migratieachtergrond;9.8
Kappers en schoonheidsspecialisten;100;Niet-westerse migratieachtergrond;12.1
Kappers en schoonheidsspecialisten;100;Migratieachtergrond onbekend;0
Conciërges en teamleiders schoonmaak;100;Nederlandse achtergrond;78.6
Conciërges en teamleiders schoonmaak;100;Westerse migratieachtergrond;10.8
Conciërges en teamleiders schoonmaak;100;Niet-westerse migratieachtergrond;10.3
Conciërges en teamleiders schoonmaak;100;Migratieachtergrond onbekend;0.3
Verleners van overige persoonlijke diensten;100;Nederlandse achtergrond;76.5
Verleners van overige persoonlijke diensten;100;Westerse migratieachtergrond;8
Verleners van overige persoonlijke diensten;100;Niet-westerse migratieachtergrond;15
Verleners van overige persoonlijke diensten;100;Migratieachtergrond onbekend;0.6
Schoonmakers;100;Nederlandse achtergrond;61.2
Schoonmakers;100;Westerse migratieachtergrond;12.7
Schoonmakers;100;Niet-westerse migratieachtergrond;25.9
Schoonmakers;100;Migratieachtergrond onbekend;0.2
Keukenhulpen;100;Nederlandse achtergrond;70.3
Keukenhulpen;100;Westerse migratieachtergrond;8.3
Keukenhulpen;100;Niet-westerse migratieachtergrond;21.3
Keukenhulpen;100;Migratieachtergrond onbekend;0.1
Dekofficieren en piloten;100;Nederlandse achtergrond;87.8
Dekofficieren en piloten;100;Westerse migratieachtergrond;9.3
Dekofficieren en piloten;100;Niet-westerse migratieachtergrond;2.9
Dekofficieren en piloten;100;Migratieachtergrond onbekend;0
Chauffeurs auto's, taxi's en bestelwagens;100;Nederlandse achtergrond;70.9
Chauffeurs auto's, taxi's en bestelwagens;100;Westerse migratieachtergrond;7.9
Chauffeurs auto's, taxi's en bestelwagens;100;Niet-westerse migratieachtergrond;21
Chauffeurs auto's, taxi's en bestelwagens;100;Migratieachtergrond onbekend;0.2
Buschauffeurs en trambestuurders;100;Nederlandse achtergrond;70.6
Buschauffeurs en trambestuurders;100;Westerse migratieachtergrond;6.3
Buschauffeurs en trambestuurders;100;Niet-westerse migratieachtergrond;23
Buschauffeurs en trambestuurders;100;Migratieachtergrond onbekend;0.2
Vrachtwagenchauffeurs;100;Nederlandse achtergrond;87.2
Vrachtwagenchauffeurs;100;Westerse migratieachtergrond;7.5
Vrachtwagenchauffeurs;100;Niet-westerse migratieachtergrond;5.3
Vrachtwagenchauffeurs;100;Migratieachtergrond onbekend;0
Bedieners mobiele machines;100;Nederlandse achtergrond;80.6
Bedieners mobiele machines;100;Westerse migratieachtergrond;7.4
Bedieners mobiele machines;100;Niet-westerse migratieachtergrond;11.2
Bedieners mobiele machines;100;Migratieachtergrond onbekend;0.7
Laders, lossers en vakkenvullers;100;Nederlandse achtergrond;68.9
Laders, lossers en vakkenvullers;100;Westerse migratieachtergrond;11.3
Laders, lossers en vakkenvullers;100;Niet-westerse migratieachtergrond;19.7
Laders, lossers en vakkenvullers;100;Migratieachtergrond onbekend;0.1
Vuilnisophalers en dagbladenbezorgers;100;Nederlandse achtergrond;73
Vuilnisophalers en dagbladenbezorgers;100;Westerse migratieachtergrond;8.5
Vuilnisophalers en dagbladenbezorgers;100;Niet-westerse migratieachtergrond;18.4
Vuilnisophalers en dagbladenbezorgers;100;Migratieachtergrond onbekend;0.1
Overig;100;Nederlandse achtergrond;72.6
Overig;100;Westerse migratieachtergrond;12.8
Overig;100;Niet-westerse migratieachtergrond;14
Overig;100;Migratieachtergrond onbekend;0.6
